Title,Date
"Wednesday: Season 1: Friend or Woe","1/21/23"
"Wednesday: Season 1: Woe Is the Loneliest Number","1/21/23"
"Wednesday: Season 1: Wednesday's Child Is Full of Woe","1/21/23"
"Glass Onion: A Knives Out Mystery","1/2/23"
"Wednesday: Season 1: A Murder of Woes","12/4/22"
"Wednesday: Season 1: If You Don't Woe Me by Now","12/3/22"
"Wednesday: Season 1: Quid Pro Woe","12/3/22"
"Wednesday: Season 1: You Reap What You Woe","12/3/22"
"Wednesday: Season 1: Woe What a Night","12/2/22"
"Breaking Bad: Season 2: Grilled","8/28/22"
"Day Shift","8/27/22"
" ","8/25/22"
"Breaking Bad: Season 2: Seven Thirty-Seven","8/25/22"
"Breaking Bad: Season 1: A No-Rough-Stuff-Type Deal","8/25/22"
"Breaking Bad: Season 1: Crazy Handful of Nothin'","8/24/22"
"Breaking Bad: Season 1: Gray Matter","8/24/22"
"Breaking Bad: Season 1: Cancer Man","8/22/22"
"Breaking Bad: Season 1: And the Bag's in the River","8/22/22"
"Breaking Bad: Season 1: The Cat's in the Bag","8/22/22"
"Bullsh*t The Gameshow: It Pays to Play","8/19/22"
"Bullsh*t The Gameshow: No Risk, No Reward","8/19/22"
"Bullsh*t The Gameshow: Love the Way You Lie","8/19/22"
"Breaking Bad: Season 1: Pilot","8/17/22"
"The Hurt Locker","8/1/22"
"Murder Mystery","7/31/22"
"The Do-Over","7/31/22"
"6 Underground","7/31/22"
"Paddington","7/31/22"
"The Adam Project","7/30/22"
"Starsky & Hutch","7/29/22"
"Red Notice","7/29/22"
"The Amazing Spider-Man","7/27/22"
"The Gray Man","7/25/22"
"Titanic","7/19/22"
"Casino Royale","7/18/22"
"The Nut Job","7/18/22"
"Mission: Impossible II","7/17/22"
"How to Change Your Mind: Limited Series: Chapter 1: LSD","7/17/22"
"Ozark: Season 1: Sugarwood","7/17/22"
"Mr Bean's Holiday","7/17/22"
"Dumb and Dumber","7/14/22"
"Peaky Blinders: Season 6: Lock and Key","7/9/22"
"Peaky Blinders: Season 6: The Road to Hell","7/5/22"
"Peaky Blinders: Season 6: Sapphire","7/5/22"
"Peaky Blinders: Season 6: Gold","7/4/22"
"Peaky Blinders: Season 6: Black Shirt","7/4/22"
"Peaky Blinders: Season 6: Black Day","7/4/22"
"The Gentlemen","6/26/22"
"The Man from Toronto","6/26/22"
"Gilmore Girls: Season 5: But I'm a Gilmore","6/22/22"
"Stranger Things: Stranger Things 4: Chapter Seven: The Massacre at Hawkins Lab","6/21/22"
"Stranger Things: Stranger Things 4: Chapter Six: The Dive","6/21/22"
"Stranger Things: Stranger Things 4: Chapter Five: The Nina Project","6/20/22"
"Stranger Things: Stranger Things 4: Chapter Four: Dear Billy","6/20/22"
"Stranger Things: Stranger Things 4: Chapter Three: The Monster and the Superhero","6/19/22"
"Stranger Things: Stranger Things 4: Chapter Two: Vecna's Curse","6/19/22"
"Stranger Things: Stranger Things 4: Chapter One: The Hellfire Club","6/18/22"
"Rose Island","6/14/22"
"Seinfeld: Season 1: Seinfeld","6/11/22"
"Anchorman: The Legend of Ron Burgundy","6/10/22"
"Workin' Moms: Season 2: The Sign","6/8/22"
"Workin' Moms: Season 2: Good Mom","6/8/22"
"Workin' Moms: Season 2: 2005","6/7/22"
"Workin' Moms: Season 1: Finale","6/7/22"
"Workin' Moms: Season 1: Merde","6/7/22"
"Workin' Moms: Season 1: Bye Bye Kate","6/7/22"
"Workin' Moms: Season 1: The Coxswain","6/7/22"
"Workin' Moms: Season 1: Tricky Nipple","6/7/22"
"Workin' Moms: Season 1: Popsicle and a Hoop Earring","6/7/22"
"Workin' Moms: Season 1: Phoenix Rising","6/7/22"
"Workin' Moms: Season 1: The Wolf and the Rabbit","6/7/22"
"Workin' Moms: Season 1: Sophie's Choice-ish","6/7/22"
"Workin' Moms: Season 1: Bad Help","6/7/22"
"Workin' Moms: Season 1: Fem Card","6/6/22"
"Workin' Moms: Season 1: Rules","6/6/22"
"Workin' Moms: Season 1: Pilot","6/6/22"
"Stranger Things: Stranger Things 3: Chapter Eight: The Battle of Starcourt","6/5/22"
"Stranger Things: Stranger Things 3: Chapter Seven: The Bite","5/26/22"
"Stranger Things: Stranger Things 3: Chapter Six: E Pluribus Unum","5/26/22"
"Stranger Things: Stranger Things 3: Chapter Five: The Flayed","5/25/22"
"Stranger Things: Stranger Things 3: Chapter Four: The Sauna Test","5/25/22"
"Stranger Things: Stranger Things 3: Chapter Three: The Case of the Missing Lifeguard","5/25/22"
"Stranger Things: Stranger Things 3: Chapter Two: The Mall Rats","5/24/22"
"Stranger Things: Stranger Things 3: Chapter One: Suzie, Do You Copy?","5/24/22"
"New Girl: Season 7: Engram Pattersky","5/24/22"
"New Girl: Season 7: The Curse of the Pirate Bride","5/24/22"
"New Girl: Season 7: Mario","5/24/22"
"New Girl: Season 7: Where the Road Goes","5/24/22"
"New Girl: Season 7: Lillypads","5/24/22"
"New Girl: Season 7: Tuesday Meeting","5/24/22"
"Scary Movie 4","5/23/22"
"New Girl: Season 7: About Three Years Later","5/23/22"
"New Girl: Season 6: Five Stars for Beezus","5/23/22"
"New Girl: Season 6: House Hunt","5/23/22"
"New Girl: Season 5: Landing Gear","5/23/22"
"New Girl: Season 5: Wedding Eve","5/23/22"
"New Girl: Season 5: Sam, Again","5/23/22"
"New Girl: Season 5: Wig","5/23/22"
"New Girl: Season 5: Reagan","5/23/22"
"New Girl: Season 5: Bob & Carol & Nick & Schmidt","5/22/22"
"New Girl: Season 5: What About Fred","5/21/22"
"New Girl: Season 5: Big Mama P","5/21/22"
"New Girl: Season 4: Clean Break","5/21/22"
"Selling Sunset: Season 5: The Reunion","5/21/22"
"Selling Sunset: Season 5: Nothing Remains the Same","5/21/22"
"Selling Sunset: Season 5: Sabotage in Stilettos","5/21/22"
"New Girl: Season 4: Panty Gate","5/20/22"
"New Girl: Season 4: Par 5","5/20/22"
"New Girl: Season 4: The Right Thing","5/20/22"
"New Girl: Season 4: Walk of Shame","5/20/22"
"New Girl: Season 4: Spiderhunt","5/20/22"
"New Girl: Season 4: Oregon","5/20/22"
"New Girl: Season 4: The Crawl","5/20/22"
"New Girl: Season 4: Swuit","5/20/22"
"New Girl: Season 4: Coming Out","5/20/22"
"New Girl: Season 4: Shark","5/20/22"
"New Girl: Season 4: LAXmas","5/20/22"
"New Girl: Season 4: Girl Fight","5/20/22"
"New Girl: Season 4: Thanksgiving IV","5/19/22"
"New Girl: Season 4: Teachers","5/19/22"
"New Girl: Season 4: Goldmine","5/19/22"
"New Girl: Season 4: Background Check","5/19/22"
"New Girl: Season 4: Landline","5/18/22"
"New Girl: Season 4: Micro","5/18/22"
"New Girl: Season 4: Julie Berkman's Older Sister","5/18/22"
"New Girl: Season 4: Dice","5/18/22"
"New Girl: Season 4: The Last Wedding","5/18/22"
"New Girl: Season 3: Cruise","5/18/22"
"New Girl: Season 3: Dance","5/17/22"
"New Girl: Season 3: Big News","5/17/22"
"New Girl: Season 3: Mars Landing","5/17/22"
"New Girl: Season 3: Fired Up","5/17/22"
"New Girl: Season 3: Sister III","5/17/22"
"New Girl: Season 3: Sister II","5/17/22"
"New Girl: Season 3: Sister","5/17/22"
"New Girl: Season 3: Exes","5/17/22"
"New Girl: Season 3: Prince","5/17/22"
"New Girl: Season 3: Birthday","5/16/22"
"New Girl: Season 3: Basketsball","5/16/22"
"New Girl: Season 3: Clavado En Un Bar","5/16/22"
"New Girl: Season 3: Menus","5/16/22"
"New Girl: Season 3: Coach","5/16/22"
"New Girl: Season 3: The Captain","5/16/22"
"Selling Sunset: Season 5: She's Your Problem Too","5/16/22"
"Selling Sunset: Season 5: It's Getting Personal","5/16/22"
"Selling Sunset: Season 5: Step Up or Step Out","5/16/22"
"New Girl: Season 3: Double Date","5/15/22"
"New Girl: Season 3: Nerd","5/15/22"
"New Girl: Season 3: All In","5/15/22"
"New Girl: Season 2: Elaine's Big Day","5/15/22"
"New Girl: Season 2: Winston's Birthday","5/15/22"
"New Girl: Season 2: Virgins","5/14/22"
"New Girl: Season 2: Bachelorette Party","5/14/22"
"New Girl: Season 2: First Date","5/14/22"
"New Girl: Season 2: Chicago","5/14/22"
"When Harry Met Sally","5/13/22"
"New Girl: Season 2: Quick Hardening Caulk","5/13/22"
"New Girl: Season 2: Tinfinity","5/13/22"
"New Girl: Season 2: Parking Spot","5/13/22"
"New Girl: Season 2: Table 34","5/13/22"
"New Girl: Season 2: Cooler","5/13/22"
"New Girl: Season 2: Pepperwood","5/13/22"
"New Girl: Season 2: A Father's Love","5/13/22"
"New Girl: Season 2: Cabin","5/13/22"
"New Girl: Season 2: Santa","5/13/22"
"New Girl: Season 2: Bathtub","5/13/22"
"New Girl: Season 2: Eggs","5/13/22"
"New Girl: Season 2: Parents","5/13/22"
"New Girl: Season 2: Menzies","5/13/22"
"New Girl: Season 2: Halloween","5/12/22"
"New Girl: Season 2: Models","5/12/22"
"New Girl: Season 2: Neighbors","5/12/22"
"New Girl: Season 2: Fluffer","5/12/22"
"New Girl: Season 2: Katie","5/12/22"
"New Girl: Season 2: Re-Launch","5/12/22"
"Selling Sunset: Season 5: New Blood","5/12/22"
"Selling Sunset: Season 5: Game Changer","5/12/22"
"Selling Sunset: Season 4: One Last Hail Mary","5/12/22"
"New Girl: Season 1: Backslide","5/11/22"
"New Girl: Season 1: Tomatoes","5/11/22"
"New Girl: Season 1: Kids","5/11/22"
"New Girl: Season 1: Normal","5/11/22"
"New Girl: Season 1: Secrets","5/11/22"
"New Girl: Season 1: Fancyman, Part 2","5/11/22"
"New Girl: Season 1: Fancyman, Part 1","5/10/22"
"Lady Bird","5/10/22"
"New Girl: Season 1: Control","5/10/22"
"New Girl: Season 1: Injured","5/10/22"
"New Girl: Season 1: Bully","5/10/22"
"New Girl: Season 1: Valentine's Day","5/10/22"
"New Girl: Season 1: The Landlord","5/10/22"
"New Girl: Season 1: Jess and Julia","5/10/22"
"New Girl: Season 1: The Story of the 50","5/10/22"
"New Girl: Season 1: The 23rd","5/10/22"
"New Girl: Season 1: Bad in Bed","5/10/22"
"New Girl: Season 1: Bells","5/10/22"
"New Girl: Season 1: Thanksgiving","5/9/22"
"New Girl: Season 1: Cece Crashes","5/9/22"
"New Girl: Season 1: Naked","5/9/22"
"New Girl: Season 1: Wedding","5/9/22"
"New Girl: Season 1: Kryptonite","5/9/22"
"New Girl: Season 1: Pilot","5/9/22"
"Selling Sunset: Season 4: The Beginning of the End","5/9/22"
"Selling Sunset: Season 4: The Truth Hurts","5/9/22"
"Selling Sunset: Season 4: Back on the Market","5/8/22"
"Selling Sunset: Season 4: A House for a Hero","5/8/22"
"Selling Sunset: Season 4: Let Sleeping Dogs Lie","5/8/22"
"Selling Sunset: Season 4: The Emma Dilemma","5/8/22"
"Selling Sunset: Season 4: Rival Arrival","5/8/22"
"Selling Sunset: Season 4: New Friends, Old Enemies","5/8/22"
"Selling Sunset: Season 4: Very High Heels to Fill","5/8/22"
"Selling Sunset: Season 3: A Not So White Wedding","5/8/22"
"Selling Sunset: Season 3: Two Sides to Every Story","5/8/22"
"Selling Sunset: Season 3: One Text Changes Everything","5/8/22"
"Selling Sunset: Season 3: Bad News Travels Fast","5/8/22"
"Selling Sunset: Season 3: Everybody Loves Mary","5/6/22"
"Selling Sunset: Season 3: The Biggest Agent in the Room","5/6/22"
"Selling Sunset: Season 3: Confidence Is Key","5/6/22"
"Selling Sunset: Season 3: Back to Business","5/6/22"
"Selling Sunset: Season 2: Karma’s Gonna Get You","5/6/22"
"Selling Sunset: Season 2: That’s Why They Call It Real Estress","5/6/22"
"Selling Sunset: Season 2: The Wait Will Be Worth the Wait","5/6/22"
"Selling Sunset: Season 2: I’m No Soldier","5/6/22"
"Selling Sunset: Season 2: The Red Engagement Party","5/6/22"
"Selling Sunset: Season 2: Sorry, Not Sorry","5/6/22"
"Selling Sunset: Season 2: Billionaires Have Compounds","5/6/22"
"Selling Sunset: Season 2: Let the Real Estate Games Begin","5/5/22"
"Selling Sunset: Season 1: The Gloves Come Off","5/5/22"
"Selling Sunset: Season 1: It Takes Two to Make a Thing Go Right","5/5/22"
"Selling Sunset: Season 1: Real Estate Hunger Games","5/5/22"
"Selling Sunset: Season 1: The One That Got Away","5/5/22"
"Selling Sunset: Season 1: Loose Lips Sink Relationships","5/5/22"
"Selling Sunset: Season 1: (Real) Diamonds Are a Girl's Best Friend","5/5/22"
"The Harder They Fall","1/19/22"
"Blade Runner 2049","1/15/22"
"Blade Runner: The Final Cut","1/13/22"
"Don't Look Up","1/9/22"
"The Witcher: Season 2: Family","1/8/22"
"The Witcher: Season 2: Voleth Meir","1/8/22"
"Midnight Mass: Limited Series: Book VII: Revelation","1/6/22"
"Midnight Mass: Limited Series: Book VI: Acts of the Apostles","1/6/22"
"Midnight Mass: Limited Series: Book V: Gospel","1/5/22"
"Midnight Mass: Limited Series: Book IV: Lamentations","1/5/22"
"Midnight Mass: Limited Series: Book III: Proverbs","1/4/22"
"Midnight Mass: Limited Series: Book II: Psalms","1/4/22"
"Midnight Mass: Limited Series: Book I: Genesis","1/4/22"
"The Witcher: Season 2: Dear Friend...","12/25/21"
"The Witcher: Season 2: Turn Your Back","12/25/21"
"The Witcher: Season 2: Redanian Intelligence","12/24/21"
"The Witcher: Season 2: What Is Lost","12/23/21"
"The Witcher: Season 2: Kaer Morhen","12/23/21"
"The Witcher: Season 2: A Grain of Truth","12/23/21"
"The Haunting of Bly Manor: The Beast in the Jungle","11/9/21"
"The Haunting of Bly Manor: The Romance of Certain Old Clothes","11/8/21"
"The Haunting of Bly Manor: The Two Faces, Part Two","11/7/21"
"The Haunting of Bly Manor: The Jolly Corner","11/6/21"
"The Haunting of Bly Manor: The Altar of the Dead","11/6/21"
"The Haunting of Bly Manor: The Way It Came","11/4/21"
"The Haunting of Bly Manor: The Two Faces, Part One","11/4/21"
"The Haunting of Bly Manor: The Pupil","11/2/21"
"The Haunting of Bly Manor: The Great Good Place","11/2/21"
"Sex, Love & goop: Fireworks.","11/1/21"
"Sex, Love & goop: Thank the past.","11/1/21"
"Sex, Love & goop: Would you do that?","11/1/21"
"Sex, Love & goop: Your mom can’t watch this.","11/1/21"
"Sex, Love & goop: What just happened to me?","11/1/21"
"Sex, Love & goop: A show about sex.","11/1/21"
"Schitt's Creek: Season 4: RIP Moira Rose","11/1/21"
"Schitt's Creek: Season 4: Girls’ Night","11/1/21"
"Schitt's Creek: Season 4: Asbestos Fest","11/1/21"
"Schitt's Creek: Season 4: Pregnancy Test","11/1/21"
"Schitt's Creek: Season 4: Dead Guy in Room 4","11/1/21"
"In the Dark: Season 3: Safe and Sound","10/29/21"
"You: Season 3: What Is Love?","10/28/21"
"You: Season 3: Red Flag","10/27/21"
"You: Season 3: Swing and a Miss","10/26/21"
"Bad Sport: Fallen Idol","10/25/21"
"Bad Sport: Horse Hitman","10/25/21"
"You: Season 3: We're All Mad Here","10/25/21"
"Bad Sport: Need for Weed","10/25/21"
"Bad Sport: Hoop Schemes","10/25/21"
"You: Season 3: W.O.M.B.","10/25/21"
"You: Season 3: Into the Woods","10/24/21"
"Jeffrey Epstein: Filthy Rich: Limited Series: Hunting Grounds","10/21/21"
"You: Season 3: Hands Across Madre Linda","10/19/21"
"You: Season 3: Missing White Woman Syndrome","10/18/21"
"You: Season 3: So I Married an Axe Murderer","10/18/21"
"You: Season 3: And They Lived Happily Ever After","10/15/21"
"Britney Vs Spears","10/15/21"
"The Social Dilemma","10/15/21"
"Untold: Malice at the Palace","10/15/21"
"Pan's Labyrinth","10/12/21"
"Squid Game: Season 1: One Lucky Day","10/5/21"
"Squid Game: Season 1: Front Man","10/5/21"
"Squid Game: Season 1: VIPS","10/4/21"
"Blood of Zeus: War for Olympus","9/30/21"
"Blood of Zeus: The Fields of the Dead","9/30/21"
"You: Season 1: The Last Nice Guy in New York","9/25/21"
"You: Season 1: Pilot","9/24/21"
"Uncut Gems","9/23/21"
"Miles Davis: Birth of the Cool","9/17/21"
"The Chair: The Chair","9/14/21"
"The Chair: The Last Bus in Town","9/14/21"
"The Chair: Don't Kill Bill","9/14/21"
"The Chair: The Town Hall","9/14/21"
"Kate","9/14/21"
"The Chair: The Faculty Party","9/9/21"
"The Chair: Brilliant Mistake","9/7/21"
"Worth","9/6/21"
"Cocaine Cowboys: The Kings of Miami: Limited Series: Adios, Muchachos","9/6/21"
"Cocaine Cowboys: The Kings of Miami: Limited Series: Femme Fatale","9/6/21"
"Cocaine Cowboys: The Kings of Miami: Limited Series: Only in Miami","9/6/21"
"Turning Point: 9/11 and the War on Terror: The System Was Blinking Red","9/6/21"
"Cocaine Cowboys: The Kings of Miami: Limited Series: Mountain of Evidence","9/5/21"
"Cocaine Cowboys: The Kings of Miami: Limited Series: 75 Tons","9/5/21"
"Cocaine Cowboys: The Kings of Miami: Limited Series: Willy & Sal","9/5/21"
"The Walking Dead: Season 10: Here's Negan","9/5/21"
"Blood of Zeus: Back to Olympus","9/2/21"
"Blood of Zeus: Escape or Die","9/2/21"
"Blood of Zeus: A Monster is Born","9/2/21"
"Blood of Zeus: The Raid","9/2/21"
"Blood of Zeus: Past is Prologue","9/2/21"
"Blood of Zeus: A Call to Arms","7/26/21"
"The Queen's Gambit: Limited Series: Exchanges","6/26/21"
"The Queen's Gambit: Limited Series: Doubled Pawns","6/26/21"
"The Queen's Gambit: Limited Series: Openings","6/26/21"
"Peaky Blinders: Season 1: Episode 1","6/17/21"
"Castlevania: Season 4: It's Been a Strange Ride","5/29/21"
"Castlevania: Season 4: The Endings","5/29/21"
"Castlevania: Season 4: Death Magic","5/29/21"
"Castlevania: Season 4: The Great Work","5/29/21"
"Castlevania: Season 4: You Don't Deserve My Blood","5/29/21"
"Castlevania: Season 4: Back in the World","5/29/21"
"Castlevania: Season 4: You Must Sacrifice","5/28/21"
"Castlevania: Season 4: Walk Away","5/28/21"
"Castlevania: Season 4: Having the World","5/28/21"
"Castlevania: Season 4: Murder Wakes It Up","5/28/21"
"Army of the Dead","5/27/21"
"Money Heist: Part 1: Episode 3","4/19/20"
"Money Heist: Part 1: Episode 2","4/19/20"
"Money Heist: Part 1: Episode 1","4/19/20"
"Howl’s Moving Castle","4/18/20"
"Princess Mononoke","4/13/20"
"Spirited Away","4/10/20"
"The Universe: Secrets of the Sun","4/10/20"
"Kingdom: Season 1: Episode 1","4/10/20"
"Castlevania: Season 3: Abandon All Hope","4/4/20"
"Castlevania: Season 3: The Harvest","4/4/20"
"Castlevania: Season 3: What the Night Brings","4/4/20"
"Castlevania: Season 3: Worse Things Than Betrayal","4/4/20"
"Castlevania: Season 3: The Good Dream","4/3/20"
"Castlevania: Season 3: A Seat of Civilisation and Refinement","4/3/20"
"Castlevania: Season 3: I Have a Scheme","4/3/20"
"The Circle Brazil: Fatal Visit","3/29/20"
"The Circle Brazil: Pool Party","3/29/20"
"The Good Place: Season 1: Everything Is Fine","3/29/20"
"Castlevania: Season 3: Investigators","3/26/20"
"Castlevania: Season 3: The Reparation of My Heart","3/26/20"
"Castlevania: Season 3: Bless Your Dead Little Hearts","3/25/20"
"Charlie and the Chocolate Factory","3/24/20"
"Shrek","3/24/20"
"Castlevania: Season 2: End Times","3/23/20"
"Castlevania: Season 2: For Love","3/23/20"
"Friends: Season 10: The Last One: Part 1 & Part 2","3/22/20"
"Friends: Season 10: The One with Rachel's Going Away Party","3/22/20"
"Friends: Season 10: The One Where Estelle Dies","3/22/20"
"Castlevania: Season 2: The River","3/21/20"
"Castlevania: Season 2: Last Spell","3/21/20"
"Castlevania: Season 2: Broken Mast","3/21/20"
"Castlevania: Season 2: Shadow Battles","3/21/20"
"Castlevania: Season 2: Old Homes","3/21/20"
"Castlevania: Season 2: War Council","3/20/20"
"Castlevania: Season 1: Monument","3/20/20"
"Castlevania: Season 1: Labyrinth","3/20/20"
"Castlevania: Season 1: Necropolis","3/20/20"
"Castlevania: Season 1: Witchbottle","3/20/20"
"Love, Death & Robots: Volume 1: THE SECRET WAR","3/19/20"
"Love, Death & Robots: Volume 1: ALTERNATE HISTORIES","3/18/20"
"Love, Death & Robots: Volume 1: ICE AGE","3/18/20"
"Love, Death & Robots: Volume 1: BLINDSPOT","3/18/20"
"Love, Death & Robots: Volume 1: ZIMA BLUE","3/17/20"
"Love, Death & Robots: Volume 1: LUCKY 13","3/17/20"
"Love, Death & Robots: Volume 1: FISH NIGHT","3/17/20"
"Love, Death & Robots: Volume 1: HELPING HAND","3/17/20"
"Love, Death & Robots: Volume 1: SHAPE-SHIFTERS","3/17/20"
"Love, Death & Robots: Volume 1: THE DUMP","3/17/20"
"Love, Death & Robots: Volume 1: GOOD HUNTING","3/17/20"
"Love, Death & Robots: Volume 1: BEYOND THE AQUILA RIFT","3/17/20"
"Love, Death & Robots: Volume 1: WHEN THE YOGURT TOOK OVER","3/17/20"
"Love, Death & Robots: Volume 1: SUCKER OF SOULS","3/17/20"
"Love, Death & Robots: Volume 1: SUITS","3/17/20"
"Love, Death & Robots: Volume 1: THE WITNESS","3/17/20"
"Love, Death & Robots: Volume 1: THREE ROBOTS","3/17/20"
"Love, Death & Robots: Volume 1: SONNIE'S EDGE","3/17/20"
"Altered Carbon: Season 1: The Wrong Man","3/15/20"
"Daybreak: MMMMMMM-HMMMMMM","3/15/20"
"Daybreak: The Slime Queenpin of Glendale, CA","3/15/20"
"Altered Carbon: Season 1: Force of Evil","3/13/20"
"Altered Carbon: Season 1: In a Lonely Place","2/28/20"
"Altered Carbon: Season 1: Fallen Angel","2/28/20"
"Altered Carbon: Season 1: Out of the Past","2/28/20"
"BoJack Horseman: Season 1: BoJack Horseman: The BoJack Horseman Story, Chapter One","2/28/20"
"The Edge of Democracy","2/27/20"
"The Two Popes","2/27/20"
"The Witcher: Season 1: Much More","2/26/20"
"The Witcher: Season 1: Before a Fall","2/26/20"
"The Witcher: Season 1: Rare Species","2/24/20"
"The Witcher: Season 1: Bottled Appetites","2/23/20"
"The Witcher: Season 1: Of Banquets, Bastards and Burials","2/21/20"
"The Witcher: Season 1: Betrayer Moon","2/20/20"
"The Witcher: Season 1: Four Marks","2/20/20"
"The Witcher: Season 1: The End’s Beginning","2/20/20"
"Shaft","2/20/20"
"Sherlock: Series 4: The Final Problem","2/9/20"
"Sherlock: Series 4: The Lying Detective","2/9/20"
"Sherlock: Series 4: The Six Thatchers","2/8/20"
"Sherlock: Series 3: The Abominable Bride","2/6/20"
"Sherlock: Series 3: His Last Vow","2/4/20"
"Sex Education: Season 2 (Portrait Product Preview)","2/3/20"
"Sherlock: Series 3: The Sign of Three","1/12/20"
"Sherlock: Series 3: The Empty Hearse","1/12/20"
"Sherlock: Series 2: The Reichenbach Fall","1/11/20"
"Sherlock: Series 2: The Hounds of Baskerville","1/11/20"
"Sherlock: Series 2: A Scandal in Belgravia","1/11/20"
"The Office (U.S.): Season 4: The Deposition","1/10/20"
"Sherlock: The Great Game","1/10/20"
"Sherlock: The Blind Banker","1/10/20"
"Sherlock: A Study in Pink","1/10/20"
"The Office (U.S.): Season 4: Survivor Man","1/10/20"
"The Office (U.S.): Season 4: Branch Wars","1/10/20"
"The Office (U.S.): Season 4: Local Ad","1/10/20"
"The Office (U.S.): Season 4: Money","1/9/20"
"The Office (U.S.): Season 4: Launch Party","1/9/20"
"The Office (U.S.): Season 4: Dunder Mifflin Infinity","1/8/20"
"The Office (U.S.): Season 4: Fun Run","1/8/20"
"The Office (U.S.): Season 3: The Job","1/8/20"
"The Office (U.S.): Season 3: Beach Games","1/7/20"
"The Office (U.S.): Season 3: Women's Appreciation","1/7/20"
"The Office (U.S.): Season 3: Product Recall","1/7/20"
"The Office (U.S.): Season 3: Safety Training","1/7/20"
"The Office (U.S.): Season 3: The Negotiation","1/7/20"
"The Office (U.S.): Season 3: Cocktails","1/7/20"
"The Office (U.S.): Season 3: Business School","1/7/20"
"The Office (U.S.): Season 3: Phyllis's Wedding","1/6/20"
"The Office (U.S.): Season 3: Ben Franklin","1/6/20"
"The Office (U.S.): Season 3: The Return","1/6/20"
"The Office (U.S.): Season 3: Traveling Salesmen","1/6/20"
"The Office (U.S.): Season 3: Back from Vacation","1/6/20"
"Zombieland","1/5/20"
"BAKI: Season 1: Part 2: Saga","1/5/20"
"The Office (U.S.): Season 3: A Benihana Christmas","1/5/20"
"The Office (U.S.): Season 3: The Convict","1/5/20"
"The Office (U.S.): Season 3: The Merger","1/5/20"
"The Office (U.S.): Season 3: Branch Closing","1/4/20"
"The Office (U.S.): Season 3: Diwali","1/4/20"
"The Office (U.S.): Season 3: Initiation","1/4/20"
"The Office (U.S.): Season 3: Grief Counseling","1/4/20"
"The Office (U.S.): Season 3: The Coup","1/4/20"
"The Office (U.S.): Season 3: The Convention","1/4/20"
"The Office (U.S.): Season 3: Gay Witch Hunt","1/4/20"
"The Office (U.S.): Season 2: Casino Night","1/4/20"
"The Office (U.S.): Season 2: Conflict Resolution","1/4/20"
"The Office (U.S.): Season 2: Drug Testing","1/4/20"
"The Office (U.S.): Season 2: Michael's Birthday","1/3/20"
"The Office (U.S.): Season 2: Take Your Daughter to Work Day","1/3/20"
"The Office (U.S.): Season 2: Dwight's Speech","1/3/20"
"The Office (U.S.): Season 2: Valentine's Day","1/3/20"
"The Office (U.S.): Season 2: Boys and Girls","1/3/20"
"The Office (U.S.): Season 2: The Carpet","1/3/20"
"The Office (U.S.): Season 2: The Secret","1/3/20"
"The Office (U.S.): Season 2: The Injury","1/3/20"
"The Office (U.S.): Season 2: Booze Cruise","1/3/20"
"The Office (U.S.): Season 2: Christmas Party","1/3/20"
"The Office (U.S.): Season 2: Email Surveillance","1/3/20"
"The Office (U.S.): Season 2: Performance Review","1/3/20"
"BAKI: Season 1: Part 2: Admission of defeat","1/2/20"
"Avatar: The Last Airbender: Book 3: The Ember Island Players","12/31/19"
"Avatar: The Last Airbender: Book 3: The Southern Raiders","12/31/19"
"Avatar: The Last Airbender: Book 3: The Firebending Masters","12/30/19"
"Avatar: The Last Airbender: Book 3: The Western Air Temple","12/30/19"
"Avatar: The Last Airbender: Book 3: Nightmares and Daydreams","12/29/19"
"The Office (U.S.): Season 2: The Client","12/27/19"
"The Office (U.S.): Season 2: The Fight","12/27/19"
"The Office (U.S.): Season 2: Halloween","12/26/19"
"The Office (U.S.): Season 2: The Fire","12/26/19"
"The Office (U.S.): Season 2: Office Olympics","12/26/19"
"The Office (U.S.): Season 2: Sexual Harassment","12/26/19"
"The Office (U.S.): Season 2: The Dundies","12/26/19"
"BAKI: Season 1: Part 2: Thanks","12/26/19"
"BAKI: Season 1: Part 2: Dad!!","12/26/19"
"The Irishman","12/23/19"
"The Office (U.S.): Hot Girl","12/23/19"
"BAKI: Season 1: Part 2: Slash","12/23/19"
"BAKI: Season 1: Part 2: Tremendous muscle power","12/23/19"
"BAKI: Season 1: Part 2: Ungranted Freedom","12/22/19"
"BAKI: Season 1: Part 1: Mr. Oliva","12/22/19"
"BAKI: Season 1: Part 1: Candy","12/22/19"
"BAKI: Season 1: Part 1: Tiger slayer","12/22/19"
"BAKI: Season 1: Part 1: Air Duel","12/22/19"
"BAKI: Season 1: Part 1: Shaken Shinshinkai","12/22/19"
"BAKI: Season 1: Part 1: A match Vs. a true fight","12/22/19"
"BAKI: Season 1: Part 1: A formidable team","12/21/19"
"BAKI: Season 1: Part 1: Sergeant Katahira’s Report","12/21/19"
"BAKI: Season 1: Part 1: Want some more?","12/21/19"
"BAKI: Season 1: Part 1: The Battle Begins","12/21/19"
"BAKI: Season 1: Part 1: They're Finally Here!!","12/21/19"
"BAKI: Season 1: Part 1: Dark Martial Arts","12/21/19"
"BAKI: Season 1: Part 1: Synchronicity","12/21/19"
"The Office (U.S.): Basketball","12/21/19"
"The First Temptation of Christ","12/20/19"
"Avatar: The Last Airbender: Book 3: The Puppetmaster","12/19/19"
"Avatar: The Last Airbender: Book 3: The Runaway","12/19/19"
"Avatar: The Last Airbender: Book 3: The Avatar and the Firelord","12/19/19"
"Avatar: The Last Airbender: Book 3: The Beach","12/19/19"
"Avatar: The Last Airbender: Book 3: Sokka's Master","12/19/19"
"Glow Up: Season 1: The Final","12/19/19"
"Glow Up: Season 1: Makeup Through the Decades","12/18/19"
"The Last Hangover","12/16/19"
"Glow Up: Season 1: London Fashion Week","12/16/19"
"Glow Up: Season 1: West End Theatre","12/15/19"
"Avatar: The Last Airbender: Book 3: The Painted Lady","12/13/19"
"Avatar: The Last Airbender: Book 3: The Headband","12/13/19"
"Avatar: The Last Airbender: Book 3: The Awakening","12/13/19"
"Avatar: The Last Airbender: Book 2: The Earth King","12/4/19"
"Avatar: The Last Airbender: Book 2: Lake Laogai","12/4/19"
"Avatar: The Last Airbender: Book 2: Appa's Lost Days","12/4/19"
"Avatar: The Last Airbender: Book 2: Tales of Ba Sing Se","12/4/19"
"Avatar: The Last Airbender: Book 2: City of Walls and Secrets","12/4/19"
"Avatar: The Last Airbender: Book 2: The Desert","12/4/19"
"Avatar: The Last Airbender: Book 2: The Library","12/3/19"
"Avatar: The Last Airbender: Book 2: Bitter Work","12/3/19"
"Avatar: The Last Airbender: Book 2: The Chase","12/3/19"
"Avatar: The Last Airbender: Book 2: Zuko Alone","12/3/19"
"Avatar: The Last Airbender: Book 2: The Blind Bandit","12/3/19"
"Avatar: The Last Airbender: Book 2: Avatar Day","12/2/19"
"Avatar: The Last Airbender: Book 2: The Swamp","12/2/19"
"Avatar: The Last Airbender: Book 2: Return to Omashu","12/2/19"
"Avatar: The Last Airbender: Book 2: The Cave of Two Lovers","12/2/19"
"Avatar: The Last Airbender: Book 2: The Avatar State","12/2/19"
"Avatar: The Last Airbender: Book 1: The Siege of the North: Part 2","12/1/19"
"Avatar: The Last Airbender: Book 1: The Siege of the North: Part 1","12/1/19"
"Avatar: The Last Airbender: Book 1: The Waterbending Master","12/1/19"
"Avatar: The Last Airbender: Book 1: The Northern Air Temple","12/1/19"
"Avatar: The Last Airbender: Book 1: The Deserter","12/1/19"
"Avatar: The Last Airbender: Book 1: Bato of the Water Tribe","12/1/19"
"Avatar: The Last Airbender: Book 1: The Fortune-Teller","11/30/19"
"Avatar: The Last Airbender: Book 1: The Blue Spirit","11/30/19"
"Avatar: The Last Airbender: Book 1: The Storm","11/30/19"
"Avatar: The Last Airbender: Book 1: The Great Divide","11/30/19"
"Avatar: The Last Airbender: Book 1: Jet","11/30/19"
"Avatar: The Last Airbender: Book 1: The Waterbending Scroll","11/30/19"
"Avatar: The Last Airbender: Book 1: Winter Solstice: Part 2: Avatar Roku","11/30/19"
"Avatar: The Last Airbender: Book 1: Winter Solstice: Part 1: The Spirit World","11/30/19"
"Avatar: The Last Airbender: Book 1: Imprisoned","11/29/19"
"Avatar: The Last Airbender: Book 1: The King of Omashu","11/29/19"
"Avatar: The Last Airbender: Book 1: The Warriors of Kyoshi","11/29/19"
"Avatar: The Last Airbender: Book 1: The Southern Air Temple","11/29/19"
"Avatar: The Last Airbender: Book 1: The Avatar Returns","11/23/19"
"Avatar: The Last Airbender: Book 1: The Boy in the Iceberg","11/22/19"
"Friends: Season 2: The One with the Prom Video","11/22/19"
"Mad Men: Shoot","11/9/19"
"Mad Men: The Hobo Code","11/9/19"
"Mad Men: Long Weekend","11/9/19"
"Mad Men: Red in the Face","11/9/19"
"Mad Men: Babylon","11/9/19"
"The Boss Baby: Back in Business: Season 1: Scooter Buskie","11/9/19"
"Prank Encounters: Season 1: Fright at the Museum","10/27/19"
"Prank Encounters: Season 1: Camp Scarecrow","10/26/19"
"Prank Encounters: Season 1: Face Fears","10/26/19"
"Prank Encounters: Season 1: End of the Road","10/26/19"
"Archer: Killing Utne","10/26/19"
"Big Mouth: Season 1: Ejaculation","10/24/19"
"Disenchantment: Part 2: Tiabeanie Falls","10/24/19"
"Disenchantment: Part 2: The Electric Princess","10/23/19"
"Disenchantment: Part 2: In Her Own Write","10/22/19"
"Disenchantment: Part 2: Love's Slimy Embrace","10/22/19"
"Disenchantment: Part 2: The Dreamland Job","10/22/19"
"Disenchantment: Part 2: Our Bodies, Our Elves","10/22/19"
"Disenchantment: Part 2: The Lonely Heart Is a Hunter","10/21/19"
"Disenchantment: Part 2: The Very Thing","10/19/19"
"Mad Men: 5G","10/19/19"
"Mad Men: Smoke Gets in Your Eyes","10/19/19"
"Disenchantment: Part 2: Stairway to Hell","10/19/19"
"Disenchantment: Part 2: The Disenchantress","10/19/19"
"Disenchantment: Part 1: Dreamland Falls","10/18/19"
"Disenchantment: Part 1: To Thine Own Elf Be True","10/18/19"
"Disenchantment: Part 1: The Limits of Immortality","10/18/19"
"Disenchantment: Part 1: Love's Tender Rampage","10/18/19"
"Disenchantment: Part 1: Swamp and Circumstance","10/18/19"
"Disenchantment: Part 1: Faster, Princess! Kill! Kill!","10/17/19"
"Disenchantment: Part 1: Castle Party Massacre","10/17/19"
"Disenchantment: Part 1: The Princess of Darkness","10/17/19"
"Disenchantment: Part 1: For Whom the Pig Oinks","10/17/19"
"Disenchantment: Part 1: A Princess, an Elf, and a Demon Walk Into a Bar","10/17/19"
"Archer: Diversity Hire","9/22/19"
"Sausage Party","9/19/19"
"The Seven Deadly Sins: The Seven Deadly Sins","9/18/19"
"The Seven Deadly Sins the Movie: Prisoners of the Sky","9/18/19"
"Archer: Training Day","9/13/19"
"Archer: Pilot: Mole Hunt","9/13/19"
"The Big Short","9/12/19"
"The Babysitter","9/6/19"
"The Silence","9/6/19"
"Friends: Season 10: The One with Princess Consuela","9/4/19"
"Friends: Season 10: The One Where Joey Speaks French","9/4/19"
"Friends: Season 10: The One with Phoebe's Wedding","9/4/19"
"Friends: Season 10: The One Where the Stripper Cries","9/3/19"
"Friends: Season 10: The One Where Chandler Gets Caught","9/3/19"
"Friends: Season 10: The One with the Birth Mother","9/3/19"
"Friends: Season 10: The One with the Late Thanksgiving","9/3/19"
"Friends: Season 10: The One with The Home Study","9/3/19"
"Friends: Season 10: The One with Ross's Grant","9/2/19"
"Friends: Season 10: The One Where Rachel's Sister Babysits","9/1/19"
"Friends: Season 10: The One with the Cake","9/1/19"
"Friends: Season 10: The One with Ross's Tan","9/1/19"
"Friends: Season 10: The One Where Ross Is Fine","8/29/19"
"Friends: Season 10: The One After Joey and Rachel Kiss","8/29/19"
"Friends: Season 9: The One with the Donor","8/27/19"
"Friends: Season 9: The One with the Fertility Test","8/27/19"
"Friends: Season 9: The One with the Soap Opera Party","8/27/19"
"Friends: Season 9: The One with Rachel's Dream","8/27/19"
"Friends: Season 9: The One with the Lottery","8/26/19"
"Friends: Season 9: The One with the Memorial Service","8/26/19"
"Friends: Season 9: The One with the Boob Job","8/26/19"
"Friends: Season 9: The One with the Mugging","8/25/19"
"Friends: Season 9: The One with the Blind Dates","8/25/19"
"Friends: Season 9: The One Where Monica Sings","8/25/19"
"Friends: Season 9: The One with Phoebe's Rats","8/25/19"
"Friends: Season 9: The One Where Rachel Goes Back to Work","8/25/19"
"Friends: Season 9: The One with Christmas in Tulsa","8/25/19"
"Friends: Season 9: The One with Rachel's Phone Number","8/25/19"
"Friends: Season 9: The One with Rachel's Other Sister","8/25/19"
"Friends: Season 9: The One with Ross' Inappropriate Song","8/25/19"
"Friends: Season 9: The One with the Male Nanny","8/19/19"
"Friends: Season 9: The One with Phoebe's Birthday Dinner","8/5/19"
"Friends: Season 9: The One with the Sharks","8/5/19"
"Dr. Seuss' The Grinch","8/2/19"
"Friends: Season 9: The One with the Pediatrician","7/27/19"
"Attack on Titan: Still Can't See: Prelude to the Counterattack, Part 1","7/23/19"
"The Sixth Sense","7/23/19"
"Attack on Titan: Primal Desires: Battle of Trost District, Part 9","7/23/19"
"Attack on Titan: Wound: Battle of Trost District, Part 8","7/23/19"
"Attack on Titan: Icon: Battle of Trost District, Part 7","7/23/19"
"Attack on Titan: Answer: Battle of Trost District, Part 6","7/23/19"
"Friends: Season 9: The One Where Emma Cries","7/23/19"
"Friends: Season 9: The One Where No One Proposes","7/23/19"
"Friends: Season 8: The One Where Rachel Has a Baby: Part 2","7/23/19"
"Friends: Season 8: The One Where Rachel Has a Baby: Part 1","7/23/19"
"Friends: Season 8: The One Where Rachel Is Late","7/23/19"
"Friends: Season 8: The One with the Cooking Class","7/23/19"
"Friends: Season 8: The One with the Baby Shower","7/23/19"
"Friends: Season 8: The One with Joey's Interview","7/22/19"
"Friends: Season 8: The One in Massapequa","7/21/19"
"Attack on Titan: Where the Left Arm Went: Battle of Trost District, Part 5","7/21/19"
"Attack on Titan: Hearing the Heartbeat: Battle of Trost District, Part 4","7/21/19"
"Attack on Titan: The Small Blade: Battle of Trost District, Part 3","7/21/19"
"Attack on Titan: The World She Saw: Battle of Trost District, Part 2","7/21/19"
"Attack on Titan: First Battle: Battle of Trost District, Part 1","7/20/19"
"Friends: Season 8: The One with the Tea Leaves","7/20/19"
"Friends: Season 8: The One Where Joey Tells Rachel","7/20/19"
"Friends: Season 8: The One with the Birthing Video","7/20/19"
"Attack on Titan: Night of the Graduation Ceremony: Humanity Rises Again, Part 2","7/20/19"
"Attack on Titan: A Dim Light in the Darkness of Despair: Humanity Rises Again, Part 1","7/20/19"
"Attack on Titan: That Day: The Fall of Shiganshina, Part 2","7/19/19"
"Attack on Titan: To You, After 2,000 Years: The Fall of Shiganshina, Part 1","7/19/19"
"Friends: Season 8: The One with the Secret Closet","7/17/19"
"Friends: Season 8: The One Where Chandler Takes a Bath","7/16/19"
"Friends: Season 8: The One Where Joey Dates Rachel","7/15/19"
"Friends: Season 8: The One with the Creepy Holiday Card","7/12/19"
"Friends: Season 8: The One with Monica's Boots","7/12/19"
"Friends: Season 8: The One with the Rumor","7/12/19"
"Friends: Season 8: The One with the Stripper","7/12/19"
"Friends: Season 8: The One with the Stain","7/11/19"
"Friends: Season 8: The One with the Halloween Party","7/11/19"
"Friends: Season 8: The One with Rachel's Date","7/11/19"
"Friends: Season 8: The One with the Videotape","7/11/19"
"Friends: Season 8: The One Where Rachel Tells ...","7/10/19"
"Friends: Season 8: The One with the Red Sweater","7/10/19"
"Friends: Season 8: The One After I Do","7/10/19"
"Friends: Season 7: The One with Chandler and Monica's Wedding: Part 2","7/10/19"
"Friends: Season 7: The One with Chandler and Monica's Wedding: Part 1","7/9/19"
"Friends: Season 7: The One with Chandler's Dad","7/9/19"
"Friends: Season 7: The One with the Vows","7/9/19"
"Friends: Season 7: The One with Rachel's Big Kiss","7/9/19"
"Friends: Season 7: The One with Ross and Monica's Cousin","7/9/19"
"Friends: Season 7: The One with Joey's Award","7/9/19"
"Friends: Season 7: The One with the Cheap Wedding Dress","7/8/19"
"Friends: Season 7: The One with the Truth About London","7/8/19"
"Friends: Season 7: The One with Joey's New Brain","7/8/19"
"Friends: Season 7: The One Where They All Turn Thirty","7/8/19"
"Friends: Season 7: The One Where Rosita Dies","7/8/19"
"Friends: Season 7: The One Where They're Up All Night","7/7/19"
"Friends: Season 7: The One with All the Cheesecakes","7/7/19"
"Friends: Season 7: The One with the Holiday Armadillo","7/7/19"
"Friends: Season 7: The One with All the Candy","7/6/19"
"Friends: Season 7: The One Where Chandler Doesn't Like Dogs","7/6/19"
"Friends: Season 7: The One with Ross' Library Book","7/6/19"
"Friends: Season 7: The One with the Nap Partners","7/6/19"
"Friends: Season 7: The One with the Engagement Picture","7/5/19"
"Friends: Season 7: The One with Rachel's Assistant","7/4/19"
"Friends: Season 7: The One with Phoebe's Cookies","7/4/19"
"Friends: Season 7: The One with Rachel's Book","7/2/19"
"Friends: Season 7: The One with Monica's Thunder","6/30/19"
"Friends: Season 6: The One with the Proposal: Part 2","6/30/19"
"Friends: Season 6: The One with the Proposal: Part 1","6/29/19"
"Friends: Season 6: The One with the Ring","6/29/19"
"Friends: Season 6: The One Where Paul's the Man","6/29/19"
"Friends: Season 6: The One Where Ross Meets Elizabeth's Dad","6/29/19"
"Friends: Season 6: The One with Mac and C.H.E.E.S.E","6/29/19"
"Friends: Season 6: The One with Joey's Fridge","6/24/19"
"Friends: Season 6: The One Where Ross Dates a Student","6/23/19"
"Friends: Season 6: The One That Could Have Been: Part 2","6/22/19"
"Friends: Season 5: The One with the Cop","6/22/19"
"Friends: Season 6: The One That Could Have Been: Part 1","6/22/19"
"Friends: Season 6: The One Where Chandler Can't Cry","6/21/19"
"Friends: Season 6: The One with Rachel's Sister","6/21/19"
"Friends: Season 6: The One with the Joke","6/21/19"
"Attack on Titan: Part 1","6/18/19"
"Friends: Season 6: The One with the Apothecary Table","6/18/19"
"Friends: Season 6: The One with the Routine","6/18/19"
"Friends: Season 6: The One Where Ross Got High","6/17/19"
"Friends: Season 6: The One with Ross's Teeth","6/16/19"
"Friends: Season 6: The One Where Phoebe Runs","6/16/19"
"Friends: Season 6: The One on the Last Night","6/15/19"
"Friends: Season 6: The One with Joey's Porsche","6/15/19"
"Friends: Season 6: The One Where Joey Loses His Insurance","6/15/19"
"Friends: Season 6: The One with Ross's Denial","6/14/19"
"Friends: Season 6: The One Where Ross Hugs Rachel","6/14/19"
"Friends: Season 6: The One After Vegas","6/14/19"
"Friends: Season 5: The One in Vegas: Part 2","6/14/19"
"Friends: Season 5: The One in Vegas: Part 1","6/14/19"
"Friends: Season 5: The One with Joey's Big Break","6/14/19"
"Friends: Season 5: The One with the Ball","6/14/19"
"Black Mirror: Season 5: Smithereens","6/11/19"
"Black Mirror: Season 5: Striking Vipers","6/11/19"
"Friends: Season 5: The One with the Ride-Along","6/11/19"
"Friends: Season 5: The One Where Ross Can't Flirt","6/11/19"
"Friends: Season 5: The One Where Rachel Smokes","6/11/19"
"Friends: Season 5: The One with Rachel's Inadvertent Kiss","6/11/19"
"Friends: Season 5: The One with the Girl Who Hits Joey","6/11/19"
"Friends: Season 5: The One Where Everybody Finds Out","6/11/19"
"Friends: Season 5: The One with Joey's Bag","6/11/19"
"Friends: Season 5: The One with Chandler's Work Laugh","6/11/19"
"Friends: Season 5: The One with All the Resolutions","6/10/19"
"Friends: Season 5: The One with the Inappropriate Sister","6/10/19"
"Friends: Season 5: The One with Ross's Sandwich","6/10/19"
"Friends: Season 5: The One with All the Thanksgivings","6/9/19"
"Friends: Season 5: The One Where Ross Moves In","6/9/19"
"Friends: Season 5: The One with the Yeti","6/9/19"
"Friends: Season 5: The One with the Kips","6/9/19"
"Friends: Season 5: The One Where Phoebe Hates PBS","6/7/19"
"The Doll","6/7/19"
"Friends: Season 5: The One Hundredth","6/6/19"
"Friends: Season 5: The One with All the Kissing","6/3/19"
"Friends: Season 5: The One After Ross Says Rachel","6/3/19"
"Friends: Season 4: The One with Ross's Wedding: Part 2","6/3/19"
"Friends: Season 4: The One with Ross's Wedding: Part 1","6/3/19"
"Friends: Season 4: The One with the Worst Best Man Ever","6/3/19"
"Friends: Season 4: The One with the Invitation","6/2/19"
"Friends: Season 4: The One with the Wedding Dresses","6/2/19"
"Friends: Season 4: The One with All the Haste","6/2/19"
"Friends: Season 4: The One with Rachel's New Dress","6/2/19"
"Friends: Season 4: The One with the Free Porn","6/1/19"
"Friends: Season 4: The One with the Fake Party","6/1/19"
"Friends: Season 4: The One with All the Rugby","6/1/19"
"Friends: Season 4: The One with Joey's Dirty Day","6/1/19"
"Friends: Season 4: The One with Rachel's Crush","5/31/19"
"Friends: Season 4: The One with the Embryos","5/31/19"
"Friends: Season 4: The One with Phoebe's Uterus","5/31/19"
"Friends: Season 4: The One with the Girl from Poughkeepsie","5/31/19"
"Friends: Season 4: The One Where They're Going to Party","5/30/19"
"Friends: Season 4: The One with Chandler in a Box","5/30/19"
"Friends: Season 4: The One Where Chandler Crosses the Line","5/30/19"
"Friends: Season 4: The One with the Dirty Girl","5/30/19"
"Friends: Season 4: The One with Joey's New Girlfriend","5/30/19"
"Friends: Season 4: The One with the Ballroom Dancing","5/30/19"
"Friends: Season 4: The One with the 'Cuffs","5/30/19"
"Friends: Season 4: The One with the Cat","5/29/19"
"Friends: Season 4: The One with the Jellyfish","5/29/19"
"Friends: Season 3: The One at the Beach","5/29/19"
"Friends: Season 3: The One with the Ultimate Fighting Champion","5/29/19"
"Friends: Season 3: The One with Ross's Thing","5/28/19"
"Friends: Season 3: The One with the Screamer","5/28/19"
"Friends: Season 3: The One with a Chick. And a Duck","5/28/19"
"Friends: Season 3: The One with the Dollhouse","5/28/19"
"Friends: Season 3: The One with the Tiny T-Shirt","5/28/19"
"Friends: Season 3: The One with the Hypnosis Tape","5/28/19"
"Friends: Season 3: The One Without the Ski Trip","5/28/19"
"Friends: Season 3: The One The Morning After","5/28/19"
"Friends: Season 3: The One Where Ross & Rachel Take a Break","5/28/19"
"Friends: Season 3: The One with Phoebe's Ex-Partner","5/28/19"
"Friends: Season 3: The One Where Monica & Richard Are Just Friends","5/27/19"
"Friends: Season 3: The One with All the Jealousy","5/27/19"
"Friends: Season 3: The One Where Chandler Can't Remember Which Sister","5/27/19"
"Friends: Season 3: The One Where Rachel Quits","5/27/19"
"Friends: Season 3: The One with the Football","5/27/19"
"Friends: Season 3: The One with the Giant Poking Device","5/26/19"
"Friends: Season 3: The One with the Race Car Bed","5/26/19"
"Friends: Season 3: The One with the Flashback","5/26/19"
"Friends: Season 3: The One with Frank Jr","5/26/19"
"Friends: Season 3: The One with the Metaphorical Tunnel","5/26/19"
"Friends: Season 3: The One with the Jam","5/26/19"
"Friends: Season 3: The One Where No One's Ready","5/26/19"
"Friends: Season 3: The One with the Princess Leia Fantasy","5/26/19"
"Friends: Season 2: The One with Barry and Mindy's Wedding","5/26/19"
"Friends: Season 2: The One with the Chicken Pox","5/26/19"
"Friends: Season 2: The One with the Two Parties","5/26/19"
"Friends: Season 2: The One with the Bullies","5/25/19"
"Friends: Season 2: The One Where Old Yeller Dies","5/25/19"
"Friends: Season 2: The One Where Eddie Won't Go","5/25/19"
"Friends: Season 2: The One Where Dr. Ramoray Dies","5/25/19"
"Friends: Season 2: The One Where Eddie Moves In","5/25/19"
"Friends: Season 2: The One Where Joey Moves Out","5/25/19"
"Friends: Season 2: The One Where Ross and Rachel...You Know","5/25/19"
"Friends: Season 2: The One After the Super Bowl: Part 2","5/24/19"
"Friends: Season 2: The One After the Super Bowl: Part 1","5/24/19"
"Friends: Season 2: The One with the Lesbian Wedding","5/24/19"
"Friends: Season 2: The One with Russ","5/24/19"
"Friends: Season 2: The One with Phoebe's Dad","5/24/19"
"Friends: Season 2: The One with the List","5/24/19"
"Friends: Season 2: The One Where Ross Finds Out","5/24/19"
"Friends: Season 2: The One with the Baby on the Bus","5/24/19"
"Friends: Season 2: The One with Five Steaks and an Eggplant","5/24/19"
"Friends: Season 2: The One with Phoebe's Husband","5/24/19"
"Friends: Season 2: The One Where Heckles Dies","5/24/19"
"Friends: Season 2: The One with the Breast Milk","5/24/19"
"Friends: Season 2: The One with Ross's New Girlfriend","5/23/19"
"Friends: The One Where Rachel Finds Out","5/23/19"
"Friends: The One with the Birth","5/23/19"
"Friends: The One with the Ick Factor","5/23/19"
"Friends: The One with the Fake Monica","5/23/19"
"Friends: The One with the Evil Orthodontist","5/22/19"
"Friends: The One Where the Monkey Gets Away","5/22/19"
"Friends: The One with All the Poker","5/22/19"
"Friends: The One with the Two Parts: Part 2","5/21/19"
"Friends: The One with the Two Parts: Part 1","5/21/19"
"Friends: The One with the Stoned Guy","5/21/19"
"Friends: The One with the Candy Hearts","5/21/19"
"Friends: The One with the Boobies","5/21/19"
"Friends: The One with the Dozen Lasagnas","5/20/19"
"Friends: The One with Mrs. Bing","5/20/19"
"Friends: The One with the Monkey","5/19/19"
"Friends: The One Where Underdog Gets Away","5/19/19"
"Friends: The One Where Nana Dies Twice","5/19/19"
"Friends: The One with the Blackout","5/19/19"
"Friends: The One with the Butt","5/19/19"
"Friends: The One with the East German Laundry Detergent","5/19/19"
"Friends: The One with George Stephanopoulos","5/19/19"
"Friends: The One with the Thumb","5/19/19"
"Friends: The One with the Sonogram at the End","5/18/19"
"Friends: The One Where Monica Gets a Roommate (Pilot)","5/18/19"
"One-Punch Man: The Strongest Man","5/17/19"
"The Seven Deadly Sins: The Sword of the Holy Knight","5/15/19"
"Ferris Bueller's Day Off","5/10/19"
"Iron Man 2","5/10/19"
"The Office (U.S.): The Alliance","5/6/19"
"The Office (U.S.): Health Care","5/6/19"
"The Office (U.S.): Diversity Day","5/6/19"
"The Office (U.S.): Pilot","5/6/19"
"City of God","5/6/19"
"The Ballad of Buster Scruggs","5/5/19"
"Cowspiracy: The Sustainability Secret","4/28/19"
"Django Unchained","4/27/19"
"Black Mirror: Bandersnatch","4/25/19"
"One-Punch Man: The Strongest Hero","4/17/19"
"The Umbrella Academy: Season 1: The White Violin","4/15/19"
"The Umbrella Academy: Season 1: Changes","4/15/19"
"The Umbrella Academy: Season 1: I Heard a Rumor","4/14/19"
"The Umbrella Academy: Season 1: The Day That Was","4/10/19"
"The Umbrella Academy: Season 1: The Day That Wasn't","4/10/19"
"The Umbrella Academy: Season 1: Number Five","4/9/19"
"The Umbrella Academy: Season 1: Man on the Moon","4/9/19"
"The Umbrella Academy: Season 1: Extra Ordinary","4/9/19"
"The Umbrella Academy: Season 1: Run Boy Run","4/4/19"
"The Umbrella Academy: Season 1: We Only See Each Other at Weddings and Funerals","4/3/19"
"Fullmetal Alchemist: Brotherhood: Part 5: Journey's End","3/31/19"
"Fullmetal Alchemist: Brotherhood: Part 5: The Other Side of the Gateway","3/31/19"
"Fullmetal Alchemist: Brotherhood: Part 5: A Fierce Counterattack","3/31/19"
"Fullmetal Alchemist: Brotherhood: Part 5: He Who Would Swallow God","3/30/19"
"Fullmetal Alchemist: Brotherhood: Part 5: Eye of Heaven, Gateway of Earth","3/30/19"
"Fullmetal Alchemist: Brotherhood: Part 5: Lost Light","3/29/19"
"Fullmetal Alchemist: Brotherhood: Part 5: Sacrifices","3/28/19"
"Fullmetal Alchemist: Brotherhood: Part 5: Eternal Leave","3/28/19"
"Fullmetal Alchemist: Brotherhood: Part 5: The Return of the Fuhrer","3/28/19"
"Fullmetal Alchemist: Brotherhood: Part 5: The Adults' Way of Life","3/28/19"
"Fullmetal Alchemist: Brotherhood: Part 5: Beyond the Inferno","3/28/19"
"Fullmetal Alchemist: Brotherhood: Part 5: Flame of Vengeance","3/28/19"
"Fullmetal Alchemist: Brotherhood: Part 4: Combined Strength","3/28/19"
"Fullmetal Alchemist: Brotherhood: Part 4: The Immortal Legion","3/28/19"
"Fullmetal Alchemist: Brotherhood: Part 4: Upheaval in Central","3/28/19"
"Fullmetal Alchemist: Brotherhood: Part 4: Filial Affection","3/28/19"
"Fullmetal Alchemist: Brotherhood: Part 4: The Oath in the Tunnel","3/28/19"
"Fullmetal Alchemist: Brotherhood: Part 4: Emissary of Darkness","3/27/19"
"Fullmetal Alchemist: Brotherhood: Part 4: Looming Shadows","3/27/19"
"Fullmetal Alchemist: Brotherhood: Part 4: The Promised Day","3/27/19"
"Fullmetal Alchemist: Brotherhood: Part 4: Revving at Full-throttle","3/27/19"
"Fullmetal Alchemist: Brotherhood: Part 4: Bite of the Ant","3/27/19"
"Fullmetal Alchemist: Brotherhood: Part 4: Signs of a Counter Offensive","3/27/19"
"Fullmetal Alchemist: Brotherhood: Part 4: The Abyss","3/26/19"
"Fullmetal Alchemist: Brotherhood: Part 4: The Dwarf in the Flask","3/26/19"
"Fullmetal Alchemist: Brotherhood: Part 3: Daydream","3/26/19"
"Fullmetal Alchemist: Brotherhood: Part 3: Conflict at Baschool","3/26/19"
"Fullmetal Alchemist: Brotherhood: Part 3: The First Homunculus","3/26/19"
"Fullmetal Alchemist: Brotherhood: Part 3: Family Portrait","3/26/19"
"Fullmetal Alchemist: Brotherhood: Part 3: The Shape of This Country","3/26/19"
"Fullmetal Alchemist: Brotherhood: Part 3: Ice Queen","3/26/19"
"Fullmetal Alchemist: Brotherhood: Part 3: The Northern Wall of Briggs","3/25/19"
"Fullmetal Alchemist: Brotherhood: Part 3: The Fuhrer's Son","3/24/19"
"Fullmetal Alchemist: Brotherhood: Part 3: The 520 Cens Promise","3/24/19"
"Fullmetal Alchemist: Brotherhood: Part 3: The Ishvalan War of Extermination","3/24/19"
"Fullmetal Alchemist: Brotherhood: Part 3: Struggle of the Fool","3/24/19"
"Fullmetal Alchemist: Brotherhood: Part 3: Father","3/24/19"
"Fullmetal Alchemist: Brotherhood: Part 3: Interlude Party","3/24/19"
"Fullmetal Alchemist: Brotherhood: Part 2: Reunion","3/24/19"
"Fullmetal Alchemist: Brotherhood: Part 2: Doorway of Darkness","3/24/19"
"Fullmetal Alchemist: Brotherhood: Part 2: Inside the Belly","3/24/19"
"Fullmetal Alchemist: Brotherhood: Fullmetal Alchemist","3/24/19"
"Fullmetal Alchemist: Brotherhood: Part 2: Girl on the Battlefield","3/24/19"
"Fullmetal Alchemist: Brotherhood: Part 2: Backs in the Distance","3/24/19"
"Fullmetal Alchemist: Brotherhood: Part 2: Advance of the Fool","3/24/19"
"Fullmetal Alchemist: Brotherhood: Part 2: Father Before the Grave","3/24/19"
"Fullmetal Alchemist: Brotherhood: Part 2: Death of the Undying","3/24/19"
"Fullmetal Alchemist: Brotherhood: Part 2: The Arrogant Palm of a Small Human","3/23/19"
"Fullmetal Alchemist: Brotherhood: Part 2: Cold Flame","3/23/19"
"Fullmetal Alchemist: Brotherhood: Part 2: Footsteps of a Comrade-in-Arms","3/23/19"
"Fullmetal Alchemist: Brotherhood: Part 2: Envoy from the East","3/23/19"
"Fullmetal Alchemist: Brotherhood: Part 2: Those Who Lurk Underground","3/23/19"
"Fullmetal Alchemist: Brotherhood: Beasts of Dublith","3/23/19"
"Fullmetal Alchemist: Brotherhood: One is All, All is One","3/23/19"
"Fullmetal Alchemist: Brotherhood: Miracle at Rush Valley","3/23/19"
"Fullmetal Alchemist: Brotherhood: Separate Destinations","3/23/19"
"Fullmetal Alchemist: Brotherhood: Created Feelings","3/23/19"
"Fullmetal Alchemist: Brotherhood: The Fifth Laboratory","3/23/19"
"Fullmetal Alchemist: Brotherhood: Hidden Truths","3/23/19"
"Fullmetal Alchemist: Brotherhood: Road of Hope","3/22/19"
"Fullmetal Alchemist: Brotherhood: Rain of Sorrows","3/22/19"
"Fullmetal Alchemist: Brotherhood: An Alchemist's Anguish","3/22/19"
"Fullmetal Alchemist: Brotherhood: City of Heresy","3/22/19"
"Fullmetal Alchemist: Brotherhood: The First Day","3/22/19"
"Atypical: Season 2: Juiced!","10/11/18"
"Atypical: Season 1: Antarctica","10/11/18"
"Disaster Movie","6/11/18"
"Clueless","5/18/18"
"The 40-Year-Old Virgin","5/15/18"
"Black Mirror: Season 3: Hated in the Nation","4/14/18"
"Black Mirror: Season 3: Playtest","4/14/18"
"Black Mirror: Season 3: Nosedive","4/14/18"
"Black Mirror: Season 3: Men Against Fire","4/14/18"
"Black Mirror: Season 3: Shut Up and Dance","4/14/18"
"Inglourious Basterds","4/14/18"
"Black Mirror: Season 2: The Waldo Moment","2/14/18"
"Black Mirror: Season 2: White Bear","2/14/18"
"Black Mirror: Season 2: White Christmas","2/13/18"
"Black Mirror: Season 4: Metalhead","2/13/18"
"Black Mirror: Season 4: Crocodile","2/13/18"
"Black Mirror: Season 4: Arkangel","2/12/18"
"Black Mirror: Season 4: USS Callister","2/12/18"
"American Horror Story: Murder House: Afterbirth","1/18/18"
"American Horror Story: Murder House: Birth","1/18/18"
"American Horror Story: Murder House: Smoldering Children","1/18/18"
"American Horror Story: Murder House: Spooky Little Girl","1/18/18"
"American Horror Story: Murder House: Rubber Man","1/18/18"
"Stranger Things: Chapter One: The Vanishing of Will Byers","1/17/18"
"Black Mirror: Season 1: The Entire History of You","1/11/18"
"Black Mirror: Season 1: Fifteen Million Merits","1/11/18"
"Black Mirror: Season 1: The National Anthem","1/11/18"
"American Horror Story: Murder House: Open House","1/10/18"
"American Horror Story: Murder House: Piggy Piggy","1/10/18"
"American Horror Story: Murder House: Halloween Part 2","1/10/18"
"The Godfather: Part II","1/10/18"
"American Horror Story: Murder House: Halloween Part 1","1/9/18"
"American Horror Story: Murder House: Murder House","1/8/18"
"American Horror Story: Murder House: Home Invasion","1/8/18"
"One-Punch Man: The Dominator of the Universe","1/8/18"
"The Godfather","1/8/18"
"American Horror Story: Murder House: Pilot","1/8/18"
"One-Punch Man: Unparalleled Peril","1/3/18"
"One-Punch Man: Unyielding Justice","1/3/18"
"One-Punch Man: The Deep Sea King","1/3/18"
"One-Punch Man: The Ultimate Disciple","1/2/18"
"One-Punch Man: The Terrifying City","1/2/18"
"One-Punch Man: The Ultimate Mentor","1/2/18"
"One-Punch Man: The Modern Ninja","1/2/18"
"One-Punch Man: The Obsessive Scientist","1/2/18"
"One-Punch Man: The Lone Cyborg","1/2/18"
"Stranger Things: Stranger Things 2: Chapter Nine: The Gate","12/23/17"
"Stranger Things: Stranger Things 2: Chapter Eight: The Mind Flayer","12/23/17"
"Stranger Things: Stranger Things 2: Chapter Seven: The Lost Sister","12/23/17"
"Stranger Things: Stranger Things 2: Chapter Six: The Spy","12/22/17"
"Stranger Things: Stranger Things 2: Chapter Five: Dig Dug","12/22/17"
"Stranger Things: Stranger Things 2: Chapter Four: Will the Wise","12/20/17"
"Stranger Things: Stranger Things 2: Chapter Three: The Pollywog","12/20/17"
"Stranger Things: Stranger Things 2: Chapter Two: Trick or Treat, Freak","12/20/17"
"Stranger Things: Stranger Things 2: Chapter One: MADMAX","12/19/17"
"Stranger Things: Chapter Eight: The Upside Down","12/19/17"
"Stranger Things: Chapter Seven: The Bathtub","12/18/17"
"Stranger Things: Chapter Six: The Monster","12/17/17"
"Stranger Things: Chapter Five: The Flea and the Acrobat","12/17/17"
"Stranger Things: Chapter Four: The Body","12/17/17"
"Stranger Things: Chapter Three: Holly, Jolly","12/16/17"
"Stranger Things: Chapter Two: The Weirdo on Maple Street","12/16/17"
"Horrible Bosses","12/11/17"
"Little Man","9/12/17"
"The Avengers","9/12/17"
"Superhero Movie","8/29/17"
"A Haunted House 2","8/26/17"
"A Haunted House","8/22/17"
"White Chicks","7/6/17"
"Pulp Fiction","6/26/17"
" ","6/25/17"
"John Wick","6/24/17"
"BoJack Horseman: Season 1: Our A-Story Is a 'D' Story","6/14/17"
"BoJack Horseman: Season 1: Live Fast, Diane Nguyen","6/12/17"
"BoJack Horseman: Season 1: Zoës and Zeldas","6/11/17"
"BoJack Horseman: Season 1: Prickly-Muffin","6/10/17"
"BoJack Horseman: Season 1: BoJack Hates the Troops","6/9/17"
"Silicon Cowboys","6/7/17"
